Pseudococcomyxa_query_sequence(ITS2),,,,,,,,
CAAGAGTATGTCTGCCTCAGCGTCGGCTTTACCCTCACCCCCCCAATCGGGGGCGTGGACCTGGCAGTCCCGGTCGGCAACGACCGGGTCCGCTGAAGACCAGAGGCTCGAGCAAGGACCCACATGGGAAAACAGTCTGGTAGGTGACCCGCGAGGGCGCATGCCACTGTTCGCCCGGAGACTTGCTGGAAGCCGGCAGGAATCGCCGGTCGCCCTTAGCGGGGCGCCCGTGCGACACACCCTTTCGACCTGAGTCAGTCATGACGCCCCCAGG,,,,,,,,
Description,Scientific Name,Max Score,Total Score,Query Cover,E value,Per. ident,Acc. Len,Accession  
"Coccomyxa subellipsoidea C-169 clone FAHX137-B20, complete sequence",Coccomyxa subellipsoidea C-169,468,468,96%,1E-127,98.5,38187,AC277064.1
"Coccomyxa subellipsoidea C-169 clone FAHX05-A01, complete sequence",Coccomyxa subellipsoidea C-169,468,468,94%,1E-127,99.23,43309,AC277041.1
"Coccomyxa subellipsoidea genomic DNA containing 18S rRNA gene, ITS1, 5.8S rRNA gene, ITS2 and 28S rRNA gene, strain NIES 2353",Coccomyxa subellipsoidea,468,468,94%,1E-127,99.23,3279,HG972971.1
"Coccomyxa subellipsoidea clone IT3-2-3 internal transcribed spacer 1, partial sequence; 5.8S ribosomal RNA gene, complete sequence; and internal transcribed spacer 2, partial sequence",Coccomyxa subellipsoidea,468,468,94%,1E-127,99.23,642,MW013811.1
"Coccomyxa sp. KN-2011-C1 genomic DNA containing ITS1, 5.8S rRNA gene and ITS2, strain C1",Coccomyxa sp. KN-2011-C1,468,468,94%,1E-127,99.23,649,HE586527.1
"Coccomyxa subellipsoidea voucher CUPVOUCHER_CS_2019_1 small subunit ribosomal RNA gene, partial sequence; internal transcribed spacer 1, 5.8S ribosomal RNA gene, and internal transcribed spacer 2, complete sequence; and large subunit ribosomal RNA gene, partial sequence",Coccomyxa subellipsoidea,466,466,93%,5E-127,99.61,700,MN871439.1
"Coccomyxa subellipsoidea genomic DNA containing 18S rRNA gene, ITS1, 5.8S rRNA gene, ITS2 and 28S rRNA gene, strain NIES 2252",Coccomyxa subellipsoidea,462,462,94%,7E-126,98.85,3694,HG972973.1
"Coccomyxa subellipsoidea genomic DNA containing 18S rRNA gene, ITS1, 5.8S rRNA gene, ITS2 and 28S rRNA gene, strain CCAP 812/3",Coccomyxa subellipsoidea,462,462,94%,7E-126,98.85,2864,HG972972.1
"Coccomyxa sp. IB-GF-12 18S ribosomal RNA gene, partial sequence; internal transcribed spacer 1, 5.8S ribosomal RNA gene, and internal transcribed spacer 2, complete sequence; and 26S ribosomal RNA gene, partial sequence",Coccomyxa sp. IB-GF-12,448,448,94%,2E-121,97.71,2857,KM020052.1
"Coccomyxa sp. KN-2011-U2 genomic DNA containing 18S rRNA gene, ITS1, 5.8S rRNA gene and ITS2, strain U2",Coccomyxa sp. KN-2011-U2,424,424,94%,3E-114,96.17,2822,HE586517.1
"Uncultured fungus clone 454_643 5.8S ribosomal RNA gene, partial sequence; internal transcribed spacer 2, complete sequence; and 28S ribosomal RNA gene, partial sequence",uncultured fungus,418,418,94%,1E-112,95.79,310,KM494157.1
"Coccomyxa sp. KN-2011-C14 genomic DNA containing 18S rRNA gene, ITS1, 5.8S rRNA gene and ITS2, strain C14",Coccomyxa sp. KN-2011-C14,416,416,94%,5E-112,95.4,2849,HE586511.1
"Coccomyxa subellipsoidea isolate P726 internal transcribed spacer 1, partial sequence; 5.8S ribosomal RNA gene and internal transcribed spacer 2, complete sequence; and large subunit ribosomal RNA gene, partial sequence",Coccomyxa subellipsoidea,414,414,94%,2E-111,95.4,591,MH753162.1
"Coccomyxa sp. KN-2011-U4 genomic DNA containing ITS1, 5.8S rRNA gene and ITS2, intragenomic variability copy B, strain U4",Coccomyxa sp. KN-2011-U4,414,414,94%,2E-111,95.4,618,HE586556.1
"Coccomyxa sp. KN-2011-U4 genomic DNA containing ITS1, 5.8S rRNA gene and ITS2, intragenomic variability copy A, strain U4",Coccomyxa sp. KN-2011-U4,414,414,94%,2E-111,95.4,617,HE586555.1
"Coccomyxa subellipsoidea isolate P6056 small subunit ribosomal RNA gene, partial sequence; internal transcribed spacer 1, 5.8S ribosomal RNA gene, and internal transcribed spacer 2, complete sequence; and large subunit ribosomal RNA gene, partial sequence",Coccomyxa subellipsoidea,412,412,94%,7E-111,95.42,710,MH753158.1
"Coccomyxa subellipsoidea isolate P1142 internal transcribed spacer 1, partial sequence; 5.8S ribosomal RNA gene and internal transcribed spacer 2, complete sequence; and large subunit ribosomal RNA gene, partial sequence",Coccomyxa subellipsoidea,412,412,94%,7E-111,95.42,578,MH753157.1
"Coccomyxa sp. KN-2011-U3 genomic DNA containing 18S rRNA gene, ITS1, 5.8S rRNA gene and ITS2, strain U3",Coccomyxa sp. KN-2011-U3,412,412,94%,7E-111,95.02,847,HE586554.1
"Coccomyxa sp. KN-2011-E2 genomic DNA containing ITS1, 5.8S rRNA gene and ITS2, strain E2",Coccomyxa sp. KN-2011-E2,412,412,94%,7E-111,95.02,611,HE586543.1
"Coccomyxa sp. C12 internal transcribed spacer 1, 5.8S ribosomal RNA gene, and internal transcribed spacer 2, complete sequence",Coccomyxa sp. C12,412,412,91%,7E-111,96.43,625,AY293932.1
"Coccomyxa subellipsoidea isolate P1318 5.8S ribosomal RNA gene, partial sequence; internal transcribed spacer 2, complete sequence; and large subunit ribosomal RNA gene, partial sequence",Coccomyxa subellipsoidea,411,411,94%,2E-110,95.4,439,MH753173.1
"Coccomyxa subellipsoidea isolate P6059 small subunit ribosomal RNA gene, partial sequence; internal transcribed spacer 1, 5.8S ribosomal RNA gene, and internal transcribed spacer 2, complete sequence; and large subunit ribosomal RNA gene, partial sequence",Coccomyxa subellipsoidea,411,411,94%,2E-110,95.4,703,MH753170.1
"Coccomyxa sp. KN-2011-C13 genomic DNA containing 18S rRNA gene, ITS1, 5.8S rRNA gene and ITS2, strain C13",Coccomyxa sp. KN-2011-C13,411,411,93%,2E-110,95.33,2807,HE586510.1
"Coccomyxa subellipsoidea isolate P237 small subunit ribosomal RNA gene, partial sequence; internal transcribed spacer 1, 5.8S ribosomal RNA gene, and internal transcribed spacer 2, complete sequence; and large subunit ribosomal RNA gene, partial sequence",Coccomyxa subellipsoidea,409,409,94%,9E-110,95.06,1058,MH733943.1
"Coccomyxa sp. KN-2011-E3 genomic DNA containing ITS1, 5.8S rRNA gene and ITS2, strain E3",Coccomyxa sp. KN-2011-E3,409,409,94%,9E-110,94.64,662,HE586544.1
"Coccomyxa subellipsoidea isolate P6074 small subunit ribosomal RNA gene, partial sequence; internal transcribed spacer 1 and 5.8S ribosomal RNA gene, complete sequence; and internal transcribed spacer 2, partial sequence",Coccomyxa subellipsoidea,407,407,94%,3E-109,95.02,662,MH753168.1
"Coccomyxa subellipsoidea isolate P6075 internal transcribed spacer 1, partial sequence; 5.8S ribosomal RNA gene and internal transcribed spacer 2, complete sequence; and large subunit ribosomal RNA gene, partial sequence",Coccomyxa subellipsoidea,407,407,94%,3E-109,95.02,584,MH753167.1
"Coccomyxa subellipsoidea isolate P6077 small subunit ribosomal RNA gene, partial sequence; internal transcribed spacer 1, 5.8S ribosomal RNA gene, and internal transcribed spacer 2, complete sequence; and large subunit ribosomal RNA gene, partial sequence",Coccomyxa subellipsoidea,407,407,94%,3E-109,95.02,716,MH753166.1
"Coccomyxa subellipsoidea isolate P258 small subunit ribosomal RNA gene, partial sequence; internal transcribed spacer 1, 5.8S ribosomal RNA gene, and internal transcribed spacer 2, complete sequence; and large subunit ribosomal RNA gene, partial sequence",Coccomyxa subellipsoidea,407,407,94%,3E-109,95.02,1036,MH753163.1
"Coccomyxa subellipsoidea isolate P6076 small subunit ribosomal RNA gene, partial sequence; internal transcribed spacer 1, 5.8S ribosomal RNA gene, and internal transcribed spacer 2, complete sequence; and large subunit ribosomal RNA gene, partial sequence",Coccomyxa subellipsoidea,407,407,94%,3E-109,95.04,700,MH753159.1
"Coccomyxa subellipsoidea strain ACSSI 076 internal transcribed spacer 2, partial sequence",Coccomyxa subellipsoidea,407,407,80%,3E-109,100,221,MG696578.1
"Unclassified Viridiplantae clone 2588 5.8S ribosomal RNA gene, partial sequence; internal transcribed spacer 2, complete sequence; and large subunit ribosomal RNA gene, partial sequence",unclassified Viridiplantae,407,407,94%,3E-109,95.04,403,MF570930.1
"Coccomyxa sp. KN-2011-U1 genomic DNA containing 18S rRNA gene, ITS1, 5.8S rRNA gene and ITS2, intragenomic variability copy B, strain U1",Coccomyxa sp. KN-2011-U1,407,407,91%,3E-109,96.03,688,HE586553.1
"Coccomyxa sp. KN-2011-U1 genomic DNA containing 18S rRNA gene, ITS1, 5.8S rRNA gene and ITS2, intragenomic variability copy A, strain U1",Coccomyxa sp. KN-2011-U1,407,407,91%,3E-109,96.03,687,HE586552.1
"Coccomyxa subellipsoidea strain SAG 216-13 18S ribosomal RNA gene, partial sequence; internal transcribed spacer 1, 5.8S ribosomal RNA gene, and internal transcribed spacer 2, complete sequence; and 26S ribosomal RNA gene, partial sequence",Coccomyxa subellipsoidea,407,407,98%,3E-109,93.8,702,AY328523.1
"Coccomyxa sp. C20 internal transcribed spacer 1, 5.8S ribosomal RNA gene, and internal transcribed spacer 2, complete sequence",Coccomyxa sp. C20,407,407,91%,3E-109,96.03,626,AY293946.1
"Coccomyxa sp. C5 internal transcribed spacer 1, 5.8S ribosomal RNA gene, and internal transcribed spacer 2, complete sequence",Coccomyxa sp. C5,407,407,91%,3E-109,96.03,624,AY293942.1
"Coccomyxa sp. C15 internal transcribed spacer 1, 5.8S ribosomal RNA gene, and internal transcribed spacer 2, complete sequence",Coccomyxa sp. C15,407,407,91%,3E-109,96.03,624,AY293939.1
"Coccomyxa subellipsoidea isolate P1140 5.8S ribosomal RNA gene, partial sequence; internal transcribed spacer 2, complete sequence; and large subunit ribosomal RNA gene, partial sequence",Coccomyxa subellipsoidea,405,405,94%,1E-108,95.02,392,MH753174.1
"Coccomyxa subellipsoidea isolate P6058 small subunit ribosomal RNA gene, partial sequence; internal transcribed spacer 1, 5.8S ribosomal RNA gene, and internal transcribed spacer 2, complete sequence; and large subunit ribosomal RNA gene, partial sequence",Coccomyxa subellipsoidea,405,405,94%,1E-108,95.02,700,MH753171.1
"Coccomyxa subellipsoidea isolate P6065 internal transcribed spacer 1, partial sequence; 5.8S ribosomal RNA gene and internal transcribed spacer 2, complete sequence; and large subunit ribosomal RNA gene, partial sequence",Coccomyxa subellipsoidea,405,405,94%,1E-108,95.02,550,MH753164.1
"Coccomyxa subellipsoidea isolate P241 small subunit ribosomal RNA gene, partial sequence; internal transcribed spacer 1, 5.8S ribosomal RNA gene, and internal transcribed spacer 2, complete sequence; and large subunit ribosomal RNA gene, partial sequence",Coccomyxa subellipsoidea,405,405,94%,1E-108,94.64,1047,MH753156.1
"Coccomyxa subellipsoidea genomic DNA containing 18S rRNA gene, ITS1, 5.8S rRNA gene, ITS2 and 28S rRNA gene, strain SAG 216-13",Coccomyxa subellipsoidea,405,405,94%,1E-108,95.02,3208,HG972978.1
"Coccomyxa subellipsoidea genomic DNA containing 18S rRNA gene, ITS1, 5.8S rRNA gene, ITS2 and 28S rRNA gene, strain SAG 69.80",Coccomyxa subellipsoidea,405,405,94%,1E-108,95.02,3208,HG972977.1
"Coccomyxa subellipsoidea genomic DNA containing 18S rRNA gene, ITS1, 5.8S rRNA gene, ITS2 and 28S rRNA gene, strain SAG 216-7",Coccomyxa subellipsoidea,405,405,94%,1E-108,95.02,3208,HG972976.1
"Coccomyxa subellipsoidea genomic DNA containing 18S rRNA gene, ITS1, 5.8S rRNA gene, ITS2 and 28S rRNA gene, strain Wien C20",Coccomyxa subellipsoidea,405,405,94%,1E-108,95.02,3209,HG972975.1
"Coccomyxa subellipsoidea genomic DNA containing 18S rRNA gene, ITS1, 5.8S rRNA gene, ITS2 and 28S rRNA gene, strain CAUP H5105",Coccomyxa subellipsoidea,405,405,94%,1E-108,95,3658,HG972974.1
"Coccomyxa subellipsoidea isolate P250 small subunit ribosomal RNA gene, partial sequence; internal transcribed spacer 1, 5.8S ribosomal RNA gene, and internal transcribed spacer 2, complete sequence; and large subunit ribosomal RNA gene, partial sequence",Coccomyxa subellipsoidea,401,401,94%,1E-107,94.66,1067,MH733944.1
"Coccomyxa sp. C19 internal transcribed spacer 1, 5.8S ribosomal RNA gene, and internal transcribed spacer 2, complete sequence",Coccomyxa sp. C19,401,401,91%,1E-107,95.63,624,AY293945.1
"Coccomyxa sp. C9 internal transcribed spacer 1, 5.8S ribosomal RNA gene, and internal transcribed spacer 2, complete sequence",Coccomyxa sp. C9,401,401,91%,1E-107,95.63,624,AY293944.1
"Coccomyxa sp. C4 internal transcribed spacer 1, 5.8S ribosomal RNA gene, and internal transcribed spacer 2, complete sequence",Coccomyxa sp. C4,401,401,91%,1E-107,95.63,623,AY293941.1
"Coccomyxa sp. C8 internal transcribed spacer 1, 5.8S ribosomal RNA gene, and internal transcribed spacer 2, complete sequence",Coccomyxa sp. C8,401,401,91%,1E-107,95.63,625,AY293938.1
"Coccomyxa sp. C6 internal transcribed spacer 1, 5.8S ribosomal RNA gene, and internal transcribed spacer 2, complete sequence",Coccomyxa sp. C6,401,401,91%,1E-107,95.63,624,AY293937.1
"Coccomyxa sp. C13 internal transcribed spacer 1, 5.8S ribosomal RNA gene, and internal transcribed spacer 2, complete sequence",Coccomyxa sp. C13,401,401,91%,1E-107,95.63,625,AY293936.1
"Coccomyxa sp. C10 internal transcribed spacer 1, 5.8S ribosomal RNA gene, and internal transcribed spacer 2, complete sequence",Coccomyxa sp. C10,401,401,91%,1E-107,95.63,625,AY293934.1
"Coccomyxa sp. C18 internal transcribed spacer 1, 5.8S ribosomal RNA gene, and internal transcribed spacer 2, complete sequence",Coccomyxa sp. C18,401,401,91%,1E-107,95.63,624,AY293933.1
"Coccomyxa subellipsoidea isolate P6083 internal transcribed spacer 1, partial sequence; 5.8S ribosomal RNA gene and internal transcribed spacer 2, complete sequence; and large subunit ribosomal RNA gene, partial sequence",Coccomyxa subellipsoidea,398,398,94%,2E-106,94.64,587,MH753165.1
"Coccomyxa sp. KN-2011-E1 genomic DNA containing 18S rRNA gene, ITS1, 5.8S rRNA gene and ITS2, strain E1",Coccomyxa sp. KN-2011-E1,398,398,91%,2E-106,94.84,833,HE586542.1
"Coccomyxa subellipsoidea isolate P286 5.8S ribosomal RNA gene, partial sequence; internal transcribed spacer 2, complete sequence; and large subunit ribosomal RNA gene, partial sequence",Coccomyxa subellipsoidea,396,396,94%,7E-106,94.27,408,MH753172.1
"Coccomyxa sp. C16 internal transcribed spacer 1, 5.8S ribosomal RNA gene, and internal transcribed spacer 2, complete sequence",Coccomyxa sp. C16,396,396,91%,7E-106,95.24,624,AY293947.1
"Coccomyxa sp. C2 internal transcribed spacer 1, 5.8S ribosomal RNA gene, and internal transcribed spacer 2, complete sequence",Coccomyxa sp. C2,396,396,91%,7E-106,95.24,624,AY293940.1
"Coccomyxa sp. C1 internal transcribed spacer 1, 5.8S ribosomal RNA gene, and internal transcribed spacer 2, complete sequence",Coccomyxa sp. C1,396,396,91%,7E-106,95.24,625,AY293935.1
"Coccomyxa subellipsoidea isolate Lms12 internal transcribed spacer 1, partial sequence; 5.8S ribosomal RNA gene, complete sequence; and internal transcribed spacer 2, partial sequence",Coccomyxa subellipsoidea,392,392,88%,9E-105,95.88,471,MN473374.1
"Coccomyxa sp. YN internal transcribed spacer 1, partial sequence; 5.8S ribosomal RNA gene and internal transcribed spacer 2, complete sequence; and large subunit ribosomal RNA gene, partial sequence",Coccomyxa sp. YN,392,392,94%,9E-105,93.92,647,KY402198.1
"Coccomyxa sp. KN-2011-U5 genomic DNA containing ITS1, 5.8S rRNA gene and ITS2, strain U5",Coccomyxa sp. KN-2011-U5,390,390,94%,3E-104,93.89,659,HE586557.1
"Coccomyxa subellipsoidea isolate P1324 small subunit ribosomal RNA gene, partial sequence; internal transcribed spacer 1, 5.8S ribosomal RNA gene, and internal transcribed spacer 2, complete sequence; and large subunit ribosomal RNA gene, partial sequence",Coccomyxa subellipsoidea,387,387,94%,4E-103,93.89,1046,MH753160.1
"Coccomyxa sp. 15-10-25 strain 15_10_25 internal transcribed spacer 1, partial sequence; 5.8S ribosomal RNA gene, complete sequence; and internal transcribed spacer 2, partial sequence",Coccomyxa sp. 15-10-25,387,387,88%,4E-103,95.47,520,KX185525.1
"Coccomyxa subellipsoidea isolate P6079 small subunit ribosomal RNA gene, partial sequence; internal transcribed spacer 1 and 5.8S ribosomal RNA gene, complete sequence; and internal transcribed spacer 2, partial sequence",Coccomyxa subellipsoidea,385,385,87%,1E-102,95.45,637,MH753169.1
"Coccomyxa subellipsoidea S-255-PL-0102 genes for 18S rRNA, ITS1, 5.8S rRNA, ITS2, partial and complete sequence",Coccomyxa subellipsoidea,383,383,85%,5E-102,96.17,694,LC428309.1
"Uncultured Coccomyxa isolate A206 internal transcribed spacer 1, partial sequence; 5.8S ribosomal RNA gene, complete sequence; and internal transcribed spacer 2, partial sequence",uncultured Coccomyxa,383,383,91%,5E-102,94.09,624,KP314643.1
"Coccomyxa subellipsoidea isolate P716 internal transcribed spacer 1, partial sequence; 5.8S ribosomal RNA gene and internal transcribed spacer 2, complete sequence; and large subunit ribosomal RNA gene, partial sequence",Coccomyxa subellipsoidea,379,379,93%,7E-101,93.44,520,MH753178.1
"Coccomyxa subellipsoidea isolate P711 internal transcribed spacer 1, partial sequence; 5.8S ribosomal RNA gene and internal transcribed spacer 2, complete sequence; and large subunit ribosomal RNA gene, partial sequence",Coccomyxa subellipsoidea,377,377,94%,3E-100,93.49,449,MH753181.1
"Green photobiont of Peltigera britannica Rikkinen 98A16 internal transcribed spacer 1, 5.8S ribosomal RNA gene, and internal transcribed spacer 2, complete sequence",chlorobiont of Peltigera britannica Rikkinen 98A16,351,351,77%,2E-92,96.3,597,AY333650.1
"Coccomyxa solorinae isolate P6066 internal transcribed spacer 2 and large subunit ribosomal RNA gene, partial sequence",Coccomyxa solorinae,344,344,80%,3E-90,94.67,284,MH753153.1
"Coccomyxa subellipsoidea isolate P4025 small subunit ribosomal RNA gene, partial sequence; internal transcribed spacer 1 and 5.8S ribosomal RNA gene, complete sequence; and internal transcribed spacer 2, partial sequence",Coccomyxa subellipsoidea,342,342,74%,9E-90,97.06,942,MH753187.1
"Uncultured fungus clone OTU_2135 internal transcribed spacer 2 and large subunit ribosomal RNA gene, partial sequence",uncultured fungus,309,309,63%,9E-80,98.31,200,MG161703.1
"Coccomyxa subellipsoidea isolate P267 internal transcribed spacer 2 and large subunit ribosomal RNA gene, partial sequence",Coccomyxa subellipsoidea,303,303,78%,4E-78,92.24,262,MH753183.1
"Coccomyxa subellipsoidea isolate P4039 internal transcribed spacer 2 and large subunit ribosomal RNA gene, partial sequence",Coccomyxa subellipsoidea,291,291,68%,3E-74,94.71,242,MH753161.1
"Coccomyxa subellipsoidea isolate P1066 internal transcribed spacer 2 and large subunit ribosomal RNA gene, partial sequence",Coccomyxa subellipsoidea,285,285,76%,2E-72,91.08,256,MH753185.1
"Coccomyxa sp. GM15A-305 strain GM15A_305 internal transcribed spacer 1, partial sequence; 5.8S ribosomal RNA gene, complete sequence; and internal transcribed spacer 2, partial sequence",Coccomyxa sp. GM15A-305,279,279,67%,7E-71,92.97,465,KX185526.1
"Coccomyxa subellipsoidea isolate P240 internal transcribed spacer 2 and large subunit ribosomal RNA gene, partial sequence",Coccomyxa subellipsoidea,278,278,68%,3E-70,93.19,238,MH753176.1
"Coccomyxa subellipsoidea isolate P253 5.8S ribosomal RNA gene, partial sequence; internal transcribed spacer 2, complete sequence; and large subunit ribosomal RNA gene, partial sequence",Coccomyxa subellipsoidea,265,265,94%,2E-66,86.64,414,MH753179.1
"Coccomyxa subellipsoidea isolate P289 internal transcribed spacer 2 and large subunit ribosomal RNA gene, partial sequence",Coccomyxa subellipsoidea,263,263,68%,7E-66,92.15,235,MH753177.1
"Coccomyxa subellipsoidea isolate P6090 internal transcribed spacer 2 and large subunit ribosomal RNA gene, partial sequence",Coccomyxa subellipsoidea,261,261,63%,3E-65,93.71,233,MH753155.1
"Coccomyxa subellipsoidea isolate P238 internal transcribed spacer 2 and large subunit ribosomal RNA gene, partial sequence",Coccomyxa subellipsoidea,259,259,68%,9E-65,91.1,238,MH753175.1
"Uncultured fungus clone OTU_2649 internal transcribed spacer 2 and large subunit ribosomal RNA gene, partial sequence",uncultured fungus,254,254,63%,4E-63,92.7,200,MG161451.1
"Coccomyxa subellipsoidea isolate P264 internal transcribed spacer 2 and large subunit ribosomal RNA gene, partial sequence",Coccomyxa subellipsoidea,252,252,68%,2E-62,91.01,234,MH753180.1
"Coccomyxa subellipsoidea isolate P1082 internal transcribed spacer 2 and large subunit ribosomal RNA gene, partial sequence",Coccomyxa subellipsoidea,250,250,68%,6E-62,91.1,232,MH753184.1
Coccomyxa subellipsoidea C-169 hypothetical protein partial mRNA,Coccomyxa subellipsoidea C-169,248,248,50%,2E-61,99.28,1011,XM_005644298.1
"Coccomyxa simplex strain KZ-5-4-4 internal transcribed spacer 1, partial sequence; 5.8S ribosomal RNA gene and internal transcribed spacer 2, complete sequence; and large subunit ribosomal RNA gene, partial sequence",Coccomyxa simplex,233,233,93%,6E-57,83.39,930,MK201749.1
"Coccomyxa simplex strain mma-S22-QAUI internal transcribed spacer 1, partial sequence; 5.8S ribosomal RNA gene and internal transcribed spacer 2, complete sequence; and large subunit ribosomal RNA gene, partial sequence",Coccomyxa simplex,231,231,93%,2E-56,83.15,731,MN340293.1
"Coccomyxa sp. LXD 18S ribosomal RNA gene, partial sequence; internal transcribed spacer 1, 5.8S ribosomal RNA gene, and internal transcribed spacer 2, complete sequence; and 28S ribosomal RNA gene, partial sequence",Coccomyxa sp. LXD,230,230,93%,7E-56,83.21,740,KR149246.1
"Coccomyxa sp. S10 internal transcribed spacer 1, partial sequence; 5.8S ribosomal RNA gene, complete sequence; and internal transcribed spacer 2, partial sequence",Coccomyxa sp. S10,230,230,93%,7E-56,83.21,719,HQ335216.1
"Coccomyxa sp. S2 internal transcribed spacer 1, partial sequence; 5.8S ribosomal RNA gene, complete sequence; and internal transcribed spacer 2, partial sequence",Coccomyxa sp. S2,230,230,93%,7E-56,83.21,720,HQ335215.1
"Coccomyxa simplex strain NH-22 small subunit ribosomal RNA gene, partial sequence; internal transcribed spacer 1, 5.8S ribosomal RNA gene, and internal transcribed spacer 2, complete sequence; and large subunit ribosomal RNA gene, partial sequence",Coccomyxa simplex,219,219,93%,2E-52,82.46,3190,MT735202.1
"Coccomyxa subellipsoidea isolate P288 internal transcribed spacer 2 and large subunit ribosomal RNA gene, partial sequence",Coccomyxa subellipsoidea,217,217,63%,6E-52,89.71,216,MH753182.1
"Coccomyxa sp. KN-2011-T1 genomic DNA containing 18S rRNA gene, ITS1, 5.8S rRNA gene and ITS2, strain T1",Coccomyxa sp. KN-2011-T1,215,215,72%,2E-51,86.12,656,HE586550.1
"Coccomyxa sp. KN-2011-T3 genomic DNA containing 18S rRNA gene, ITS1, 5.8S rRNA gene and ITS2, strain T3",Coccomyxa sp. KN-2011-T3,215,215,72%,2E-51,86.12,2802,HE586515.1
"Uncultured Coccomyxa clone TLST405-7-F9 18S ribosomal RNA gene, partial sequence",uncultured Coccomyxa,213,213,72%,7E-51,85.98,712,KR673851.1
"Uncultured Coccomyxa clone TLST405-7-F8 18S ribosomal RNA gene, partial sequence",uncultured Coccomyxa,213,213,72%,7E-51,85.98,712,KR673850.1
Chlamydomonas_query_sequence(ITS2),,,,,,,,
CTTCGNACAGGGCCAAAGTTCCTGGTTTGGGTCGACAAGCACAGCTCCAAGCCATCTACTAAAGCATTAGCAACGAGTTGCCTACCCAGTAGAGGCCCATAAGCGGGTCCATGCATCAACCTCTGTACTTCAGCTGACCCGGCGTCTGATCCGAAAATCAAACACCGAGACAGCCAGGTCCGCTCTTGCTCCAAACATGTNGGAG,,,,,,,,
Description,Scientific Name,Max Score,Total Score,Query Cover,E value,Per. ident,Acc. Len,Accession  
"Chlamydomonas reinhardtii isolate TCC 132 small subunit ribosomal RNA gene, partial sequence; internal transcribed spacer 1, 5.8S ribosomal RNA gene, and internal transcribed spacer 2, complete sequence; and large subunit ribosomal RNA gene, partial sequence",Chlamydomonas reinhardtii,366,366,100%,3E-97,98.54,668,MK460471.1
"Chlamydomonas reinhardtii strain CCAP 11/32B small subunit ribosomal RNA gene, partial sequence; internal transcribed spacer 1 and 5.8S ribosomal RNA gene, complete sequence; and internal transcribed spacer 2, partial sequence",Chlamydomonas reinhardtii,366,366,100%,3E-97,98.54,2390,MF678012.1
"Uncultured fungus gene for 5.8S rRNA and ITS2, partial sequence, OTU: Bi-F-379",uncultured fungus,366,366,100%,3E-97,98.54,328,LC309659.1
"Chlamydomonas reinhardtii strain UTEX 2244 18S ribosomal RNA gene, partial sequence; internal transcribed spacer 1, 5.8S ribosomal RNA gene, and internal transcribed spacer 2, complete sequence; and 28S ribosomal RNA gene, partial sequence",Chlamydomonas reinhardtii,366,366,100%,3E-97,98.54,675,KP645217.1
"Chlamydomonas reinhardtii strain KNUA021 18S ribosomal RNA gene, partial sequence; internal transcribed spacer 1, 5.8S ribosomal RNA gene, and internal transcribed spacer 2, complete sequence; and 28S ribosomal RNA gene, partial sequence",Chlamydomonas reinhardtii,366,366,100%,3E-97,98.54,686,JX839534.1
"Chlamydomonas reinhardtii genomic DNA containing 18S rRNA gene, ITS1, 5.8S rRNA gene, ITS2, 28S rRNA gene, culture collection CCAP 11/32CW15",Chlamydomonas reinhardtii,366,366,100%,3E-97,98.54,2500,FR865576.1
"Chlamydomonas reinhardtii genomic DNA containing 18S rRNA gene, ITS1, 5.8S rRNA gene, ITS2, 28S rRNA gene, culture collection CCAP 11/32C",Chlamydomonas reinhardtii,366,366,100%,3E-97,98.54,2577,FR865575.1
"Uncultured eukaryote clone N407T_12 18S ribosomal RNA gene, partial sequence; internal transcribed spacer 1, complete sequence; and 5.8S ribosomal RNA gene, partial sequence",uncultured eukaryote,366,366,100%,3E-97,98.54,676,GU941686.1
"Chlamydomonas reinhardtii 5.8S rRNA gene, ITS1 and ITS2, isolate CCAP 11/32D",Chlamydomonas reinhardtii,366,366,100%,3E-97,98.54,598,AJ749636.1
"Chlamydomonas reinhardtii 5.8S rRNA gene, ITS1 and ITS2, isolate SAG 11-31",Chlamydomonas reinhardtii,366,366,100%,3E-97,98.54,598,AJ749628.1
"Chlamydomonas reinhardtii strain 479 internal transcribed spacer 1, 5.8S ribosomal RNA gene, and internal transcribed spacer 2, complete sequence",Chlamydomonas reinhardtii,364,364,97%,1E-96,99.5,582,AF156601.1
"Chlamydomonas reinhardtii strain CC-2342 small subunit ribosomal RNA gene, partial sequence; internal transcribed spacer 1 and 5.8S ribosomal RNA gene, complete sequence; and internal transcribed spacer 2, partial sequence",Chlamydomonas reinhardtii,361,361,100%,2E-95,98.06,2390,MF678023.1
"Chlamydomonas reinhardtii strain SAG 54.72 small subunit ribosomal RNA gene, partial sequence; internal transcribed spacer 1 and 5.8S ribosomal RNA gene, complete sequence; and internal transcribed spacer 2, partial sequence",Chlamydomonas reinhardtii,361,361,100%,2E-95,98.06,2390,MF678022.1
"Chlamydomonas reinhardtii 5.8S rRNA gene, ITS1 and ITS2, isolate SAG 54.72",Chlamydomonas reinhardtii,361,361,100%,2E-95,98.06,598,AJ749624.1
"Chlamydomonas reinhardtii internal transcribed spacer 1, 5.8S ribosomal RNA gene; and internal transcribed spacer 2, complete sequence",Chlamydomonas reinhardtii,361,361,100%,2E-95,98.06,597,AF033290.1
"Chlamydomonas reinhardtii internal transcribed spacer 1, 5.8S ribosomal RNA gene; and internal transcribed spacer 2, complete sequence",Chlamydomonas reinhardtii,361,361,100%,2E-95,98.06,598,AF033289.1
"Chlamydomonas reinhardtii internal transcribed spacer 1, 5.8S ribosomal RNA gene; and internal transcribed spacer 2, complete sequence",Chlamydomonas reinhardtii,361,361,100%,2E-95,98.06,598,AF033287.1
"Chlamydomonas reinhardtii strain CC-1952 small subunit ribosomal RNA gene, partial sequence; internal transcribed spacer 1 and 5.8S ribosomal RNA gene, complete sequence; and internal transcribed spacer 2, partial sequence",Chlamydomonas reinhardtii,355,355,96%,7E-94,98.99,2394,MF678009.1
"Chlamydomonas reinhardtii strain NIES 2463 small subunit ribosomal RNA gene, partial sequence; internal transcribed spacer 1 and 5.8S ribosomal RNA gene, complete sequence; and internal transcribed spacer 2, partial sequence",Chlamydomonas reinhardtii,355,355,96%,7E-94,98.99,2398,MF678007.1
"Chlamydomonas reinhardtii strain CC-2344 small subunit ribosomal RNA gene, partial sequence; internal transcribed spacer 1 and 5.8S ribosomal RNA gene, complete sequence; and internal transcribed spacer 2, partial sequence",Chlamydomonas reinhardtii,355,355,96%,7E-94,98.99,2398,MF678006.1
"Chlamydomonas reinhardtii strain CCAP 11/32A small subunit ribosomal RNA gene, partial sequence; internal transcribed spacer 1 and 5.8S ribosomal RNA gene, complete sequence; and internal transcribed spacer 2, partial sequence",Chlamydomonas reinhardtii,355,355,96%,7E-94,98.99,2400,MF678005.1
"Chlamydomonas reinhardtii strain CC-621 18S ribosomal RNA gene, partial sequence; internal transcribed spacer 1, 5.8S ribosomal RNA gene, and internal transcribed spacer 2, complete sequence; and 28S ribosomal RNA gene, partial sequence",Chlamydomonas reinhardtii,355,355,96%,7E-94,98.99,696,JX839532.1
"Chlamydomonas reinhardtii genes for ITS1, 5.8S rRNA, ITS2, complete sequence, strain: KkS0801B1",Chlamydomonas reinhardtii,355,355,96%,7E-94,98.99,606,AB511842.1
"Chlamydomonas reinhardtii internal transcribed spacer 1, 5.8S ribosomal RNA gene; and internal transcribed spacer 2, complete sequence",Chlamydomonas reinhardtii,355,355,96%,7E-94,98.99,608,U66954.2
"Chlamydomonas reinhardtii internal transcribed spacer 1, 5.8S ribosomal RNA gene; and internal transcribed spacer 2, complete sequence",Chlamydomonas reinhardtii,355,355,96%,7E-94,98.99,606,AF033288.1
"Chlamydomonas reinhardtii genomic DNA containing 5.8S rRNA gene, ITS2, culture collection CCAP 11/32A",Chlamydomonas reinhardtii,351,351,96%,9E-93,98.49,573,FR865574.1
"Uncultured fungus gene for 5.8S rRNA and ITS2, partial sequence, OTU: Bi-F-922",uncultured fungus,339,339,100%,7E-89,96.12,327,LC310202.1
"Chlamydomonas incerta strain NIES 2462 small subunit ribosomal RNA gene, partial sequence; internal transcribed spacer 1 and 5.8S ribosomal RNA gene, complete sequence; and internal transcribed spacer 2, partial sequence",Chlamydomonas incerta,329,329,89%,4E-86,98.91,2391,MF678032.1
"Chlamydomonas incerta strain SAG 7.73 small subunit ribosomal RNA gene, partial sequence; internal transcribed spacer 1 and 5.8S ribosomal RNA gene, complete sequence; and internal transcribed spacer 2, partial sequence",Chlamydomonas incerta,329,329,89%,4E-86,98.91,2390,MF678030.1
"Chlamydomonas globosa strain rsemsu Chlam-15/11 18S ribosomal RNA gene, partial sequence; internal transcribed spacer 1, 5.8S ribosomal RNA gene, and internal transcribed spacer 2, complete sequence; and 28S ribosomal RNA gene, partial sequence",Chlamydomonas globosa,329,329,89%,4E-86,98.91,2641,KU926335.1
"Chlamydomonas globosa genes for ITS1, 5.8S rRNA, ITS2, complete sequence, strain: TkS0803C2",Chlamydomonas globosa,329,329,89%,4E-86,98.91,599,AB511843.1
"Chlamydomonas incerta 5.8S rRNA gene, ITS1 and ITS2, isolate SAG 81.72",Chlamydomonas incerta,329,329,89%,4E-86,98.91,598,AJ749625.1
"Uncultured fungus gene for 5.8S rRNA and ITS2, partial sequence, OTU: Bi-F-1312",uncultured fungus,327,327,100%,2E-85,95.15,328,LC310592.1
"Chlamydomonas sp. KU111 internal transcribed spacer 1, partial sequence; 5.8S ribosomal RNA gene and internal transcribed spacer 2, complete sequence; and 28S ribosomal RNA gene, partial sequence",Chlamydomonas sp. KU111,326,326,96%,6E-85,96.46,679,KM061449.1
"Chlamydomonas sp. SAG 2486 small subunit ribosomal RNA gene, partial sequence; internal transcribed spacer 1 and 5.8S ribosomal RNA gene, complete sequence; and internal transcribed spacer 2, partial sequence",Chlamydomonas sp. SAG 2486,320,320,89%,3E-83,97.84,2389,MF678027.1
"Chlamydomonas debaryana 5.8S rRNA gene, ITS1 and ITS2, isolate CCAP 11/132",Edaphochlamys debaryana,320,320,89%,3E-83,97.84,597,AJ749626.1
"Chlamydomonas sp. Hoover3 small subunit ribosomal RNA gene, partial sequence; internal transcribed spacer 1, 5.8S ribosomal RNA gene, and internal transcribed spacer 2, complete sequence; and large subunit ribosomal RNA gene, partial sequence",Chlamydomonas sp. Hoover3,316,316,88%,3E-82,98.34,748,MH699030.1
"Chlamydomonas sp. Hoover2 small subunit ribosomal RNA gene, partial sequence; internal transcribed spacer 1, 5.8S ribosomal RNA gene, and internal transcribed spacer 2, complete sequence; and large subunit ribosomal RNA gene, partial sequence",Chlamydomonas sp. Hoover2,316,316,88%,3E-82,98.34,675,MH699028.1
"Chlamydomonas debaryana strain SVTV small subunit ribosomal RNA gene, partial sequence; internal transcribed spacer 1, 5.8S ribosomal RNA gene, and internal transcribed spacer 2, complete sequence; and large subunit ribosomal RNA gene, partial sequence",Edaphochlamys debaryana,298,298,80%,1E-76,99.39,840,MH699041.1
"Chlamydomonas cf. latifrons SAG 70.81 small subunit ribosomal RNA gene, partial sequence; internal transcribed spacer 1 and 5.8S ribosomal RNA gene, complete sequence; and internal transcribed spacer 2, partial sequence",Chlamydomonas cf. latifrons SAG 70.81,235,235,87%,1E-57,91.11,2407,MF678038.1
"Uncultured Chlamydomonadales isolate soil 2195 5.8S ribosomal RNA gene, partial sequence; internal transcribed spacer 2, complete sequence; and large subunit ribosomal RNA gene, partial sequence",uncultured Chlamydomonadales,222,222,85%,8E-54,90.29,368,MF483405.1
"Uncultured Chlamydomonadales isolate soil 2006 5.8S ribosomal RNA gene, partial sequence; internal transcribed spacer 2, complete sequence; and large subunit ribosomal RNA gene, partial sequence",uncultured Chlamydomonadales,217,217,85%,4E-52,89.71,372,MF483216.1
"Gonium pectorale strain SAG 13.85 small subunit ribosomal RNA gene, partial sequence; internal transcribed spacer 1 and 5.8S ribosomal RNA gene, complete sequence; and internal transcribed spacer 2, partial sequence",Gonium pectorale,207,207,61%,2E-49,96.06,2401,MF677990.1
"Gonium pectorale strain SAG 12.85 small subunit ribosomal RNA gene, partial sequence; internal transcribed spacer 1 and 5.8S ribosomal RNA gene, complete sequence; and internal transcribed spacer 2, partial sequence",Gonium pectorale,207,207,61%,2E-49,96.06,2401,MF677989.1
"Gonium pectorale isolate CCAP 32/19 small subunit ribosomal RNA gene, partial sequence",Gonium pectorale,207,207,61%,2E-49,96.06,2640,MG022675.1
"Gonium pectorale isolate hyx1505g3 18S ribosomal RNA gene, partial sequence; internal transcribed spacer 1, 5.8S ribosomal RNA gene, and internal transcribed spacer 2, complete sequence; and 28S ribosomal RNA gene, partial sequence",Gonium pectorale,207,207,61%,2E-49,96.06,676,KX247730.1
"Gonium pectorale strain UTEX 2570 internal transcribed spacer 1 and 5.8S ribosomal RNA gene, complete sequence; and internal transcribed spacer 2, partial sequence",Gonium pectorale,207,207,61%,2E-49,96.06,609,AF054425.1
"Gonium pectorale strain UTEX 13 internal transcribed spacer 1 and 5.8S ribosomal RNA gene, complete sequence; and internal transcribed spacer 2, partial sequence",Gonium pectorale,207,207,61%,2E-49,96.06,609,AF054438.1
"Gonium pectorale internal transcribed spacer 1, 5.8S ribosomal RNA gene; and internal transcribed spacer 2, complete sequence",Gonium pectorale,207,207,61%,2E-49,96.06,609,U23534.1
"Gonium pectorale genomic DNA containing ITS1, 5.8S rRNA gene, ITS2 and 28S rRNA gene, strain UTEX 806",Gonium pectorale,204,204,62%,3E-48,95.31,624,HG422740.1
"Gonium pectorale strain CCAP 32/32 small subunit ribosomal RNA gene, partial sequence; internal transcribed spacer 1 and 5.8S ribosomal RNA gene, complete sequence; and internal transcribed spacer 2, partial sequence",Gonium pectorale,202,202,61%,1E-47,95.28,2414,MK541800.1
"Gonium pectorale strain CCAC 0791 small subunit ribosomal RNA gene, partial sequence; internal transcribed spacer 1 and 5.8S ribosomal RNA gene, complete sequence; and internal transcribed spacer 2, partial sequence",Gonium pectorale,202,202,61%,1E-47,95.28,2383,MF677987.1
"Gonium pectorale strain CCAC 0085 small subunit ribosomal RNA gene, partial sequence; internal transcribed spacer 1 and 5.8S ribosomal RNA gene, complete sequence; and internal transcribed spacer 2, partial sequence",Gonium pectorale,202,202,61%,1E-47,95.28,2383,MF677986.1
"Gonium pectorale isolate CCAP 32/33 small subunit ribosomal RNA gene, partial sequence",Gonium pectorale,202,202,61%,1E-47,95.28,2459,MG022676.1
"Uncultured Chlamydomonadales isolate soil 1992 5.8S ribosomal RNA gene, partial sequence; internal transcribed spacer 2, complete sequence; and large subunit ribosomal RNA gene, partial sequence",uncultured Chlamydomonadales,202,202,61%,1E-47,95.28,372,MF483202.1
"Gonium pectorale strain CCAP 32/42 small subunit ribosomal RNA gene, partial sequence; internal transcribed spacer 1, 5.8S ribosomal RNA gene, and internal transcribed spacer 2, complete sequence; and large subunit ribosomal RNA gene, partial sequence",Gonium pectorale,202,202,61%,1E-47,95.28,2576,MW471048.1
"Gonium pectorale strain Cal 13-2 internal transcribed spacer 1, 5.8S ribosomal RNA gene, and internal transcribed spacer 2, complete sequence",Gonium pectorale,202,202,61%,1E-47,95.28,604,AF065134.1
"Gonium pectorale strain 14 internal transcribed spacer 1, 5.8S ribosomal RNA gene; and internal transcribed spacer 2, complete sequence",Gonium pectorale,202,202,61%,1E-47,95.28,612,AF054427.1
"Uncultured Chlamydomonadales isolate soil 2357 5.8S ribosomal RNA gene, partial sequence; internal transcribed spacer 2, complete sequence; and large subunit ribosomal RNA gene, partial sequence",uncultured Chlamydomonadales,198,198,61%,1E-46,94.57,364,MF483567.1
"Gonium quadratum strain SAG 32-6 small subunit ribosomal RNA gene, partial sequence; internal transcribed spacer 1 and 5.8S ribosomal RNA gene, complete sequence; and internal transcribed spacer 2, partial sequence",Gonium quadratum,196,196,61%,5E-46,94.49,2402,MF677988.1
"Gonium pectorale strain CCAP 32/30 small subunit ribosomal RNA gene, partial sequence; internal transcribed spacer 1 and 5.8S ribosomal RNA gene, complete sequence; and internal transcribed spacer 2, partial sequence",Gonium pectorale,196,196,61%,5E-46,94.49,2393,MF677985.1
"Uncultured fungus gene for 5.8S rRNA and ITS2, partial sequence, OTU: Bi-F-441",uncultured fungus,196,196,63%,5E-46,93.89,321,LC309721.1
"Uncultured Chlamydomonadales isolate soil 2328 5.8S ribosomal RNA gene, partial sequence; internal transcribed spacer 2, complete sequence; and large subunit ribosomal RNA gene, partial sequence",uncultured Chlamydomonadales,196,196,61%,5E-46,94.53,365,MF483538.1
"Gonium pectorale isolate hyx1507g11 18S ribosomal RNA gene, partial sequence; internal transcribed spacer 1, 5.8S ribosomal RNA gene, and internal transcribed spacer 2, complete sequence; and 28S ribosomal RNA gene, partial sequence",Gonium pectorale,196,196,63%,5E-46,93.89,671,KX247728.1
"Gonium pectorale isolate hyx1507g10 18S ribosomal RNA gene, partial sequence; internal transcribed spacer 1, 5.8S ribosomal RNA gene, and internal transcribed spacer 2, complete sequence; and 28S ribosomal RNA gene, partial sequence",Gonium pectorale,196,196,63%,5E-46,93.89,671,KX247727.1
"Gonium pectorale isolate hyx1505g2 18S ribosomal RNA gene, partial sequence; internal transcribed spacer 1, 5.8S ribosomal RNA gene, and internal transcribed spacer 2, complete sequence; and 28S ribosomal RNA gene, partial sequence",Gonium pectorale,196,196,63%,5E-46,93.89,669,KX247723.1
"Gonium pectorale voucher hyx1507g13 18S ribosomal RNA gene, partial sequence; internal transcribed spacer 1, 5.8S ribosomal RNA gene, and internal transcribed spacer 2, complete sequence; and 28S ribosomal RNA gene, partial sequence",Gonium pectorale,196,196,63%,5E-46,93.89,711,KU355814.1
"Gonium pectorale voucher hyx1505g4 18S ribosomal RNA gene, partial sequence; internal transcribed spacer 1, 5.8S ribosomal RNA gene, and internal transcribed spacer 2, complete sequence; and 28S ribosomal RNA gene, partial sequence",Gonium pectorale,196,196,63%,5E-46,93.89,679,KU355813.1
"Gonium pectorale genomic DNA containing ITS1, 5.8S rRNA gene, ITS2 and 28S rRNA gene, strain no.Ohio-1",Gonium pectorale,196,196,61%,5E-46,94.49,620,HG422739.1
"Gonium pectorale genomic DNA containing ITS1, 5.8S rRNA gene, ITS2 and 28S rRNA gene, strain no.Honolulu-2",Gonium pectorale,196,196,63%,5E-46,93.89,623,HG422737.1
"Gonium pectorale genes for ITS1, 5.8S rRNA, ITS2, complete sequence, strain: Mongolia 4",Gonium pectorale,196,196,63%,5E-46,93.89,630,AB623041.1
"Gonium pectorale genes for ITS1, 5.8S rRNA, ITS2, complete sequence, strain: Mongolia 1",Gonium pectorale,196,196,63%,5E-46,93.89,630,AB623040.1
"Gonium pectorale strain SA-88 internal transcribed spacer 1, 5.8S ribosomal RNA gene; and internal transcribed spacer 2, complete sequence",Gonium pectorale,196,196,61%,5E-46,94.49,609,AF054435.1
"Gonium pectorale strain UTEX 2075 internal transcribed spacer 1, 5.8S ribosomal RNA gene; and internal transcribed spacer 2, complete sequence",Gonium pectorale,196,196,63%,5E-46,93.89,606,AF054434.1
"Gonium pectorale strain Chile F internal transcribed spacer 1, 5.8S ribosomal RNA gene; and internal transcribed spacer 2, complete sequence",Gonium pectorale,196,196,63%,5E-46,93.89,605,AF054430.1
"Gonium pectorale strain Alaska internal transcribed spacer 1, 5.8S ribosomal RNA gene; and internal transcribed spacer 2, complete sequence",Gonium pectorale,196,196,61%,5E-46,94.49,601,AF054429.1
"Gonium pectorale strain Russ internal transcribed spacer 1, 5.8S ribosomal RNA gene; and internal transcribed spacer 2, complete sequence",Gonium pectorale,196,196,61%,5E-46,94.49,606,AF054428.1
"Gonium pectorale strain 77 internal transcribed spacer 1, 5.8S ribosomal RNA gene; and internal transcribed spacer 2, complete sequence",Gonium pectorale,196,196,61%,5E-46,94.49,604,AF054426.1
"Gonium pectorale internal transcribed spacer 1, 5.8S ribosomal RNA gene; and internal transcribed spacer 2, complete sequence",Gonium pectorale,196,196,63%,5E-46,93.89,604,U66969.1
"Basichlamys sacculifera strain CCAC 0145 small subunit ribosomal RNA gene, partial sequence; internal transcribed spacer 1 and 5.8S ribosomal RNA gene, complete sequence; and internal transcribed spacer 2, partial sequence",Basichlamys sacculifera,193,193,61%,6E-45,94.44,2409,MF678037.1
"Gonium pectorale isolate hyx1505g6 18S ribosomal RNA gene, partial sequence; internal transcribed spacer 1, 5.8S ribosomal RNA gene, and internal transcribed spacer 2, complete sequence; and 28S ribosomal RNA gene, partial sequence",Gonium pectorale,193,193,62%,6E-45,93.8,669,KX247726.1
"Gonium pectorale strain CCAP 32/38 small subunit ribosomal RNA gene, partial sequence; internal transcribed spacer 1, 5.8S ribosomal RNA gene, and internal transcribed spacer 2, complete sequence; and large subunit ribosomal RNA gene, partial sequence",Gonium pectorale,191,191,61%,2E-44,93.7,2113,MK541801.1
"Gonium pectorale strain CCAP 32/28 small subunit ribosomal RNA gene, partial sequence; internal transcribed spacer 1, 5.8S ribosomal RNA gene, and internal transcribed spacer 2, complete sequence; and large subunit ribosomal RNA gene, partial sequence",Gonium pectorale,191,191,61%,2E-44,93.7,2533,MK541799.1
"Gonium pectorale strain CCAP 32/29 small subunit ribosomal RNA gene, partial sequence; internal transcribed spacer 1 and 5.8S ribosomal RNA gene, complete sequence; and internal transcribed spacer 2, partial sequence",Gonium pectorale,191,191,61%,2E-44,93.7,2390,MF677984.1
"Uncultured Chlamydomonadales isolate soil 1880 5.8S ribosomal RNA gene, partial sequence; internal transcribed spacer 2, complete sequence; and large subunit ribosomal RNA gene, partial sequence",uncultured Chlamydomonadales,191,191,61%,2E-44,93.7,374,MF483090.1
"Gonium octonarium genomic DNA containing ITS1, 5.8S rRNA gene, ITS2 and 28S rRNA gene, strain UTEX 842",Gonium octonarium,191,191,61%,2E-44,93.7,610,HG422742.1
"Gonium pectorale genomic DNA containing ITS1, 5.8S rRNA gene, ITS2 and 28S rRNA gene, strain no.Shenzhen",Gonium pectorale,191,191,61%,2E-44,93.7,620,HG422741.1
"Gonium pectorale genomic DNA containing 18S rRNA gene, ITS1, 5.8S rRNA gene, ITS2, 28S rRNA gene, culture collection CCAP 32/29",Gonium pectorale,191,191,61%,2E-44,93.7,2632,FR865741.1
"Gonium pectorale internal transcribed spacer 1, 5.8S ribosomal RNA gene, and internal transcribed spacer 2, complete sequence",Gonium pectorale,191,191,63%,2E-44,93.13,604,AF182429.1
"Gonium quadratum from Barbuda internal transcribed spacer 1, partial sequence; 5.8S ribosomal RNA gene, complete sequence; and internal transcribed spacer 2, partial sequence",Gonium quadratum,191,191,61%,2E-44,93.7,611,AF504060.1
"Gonium quadratum from SW China internal transcribed spacer 1, partial sequence; 5.8S ribosomal RNA gene, complete sequence; and internal transcribed spacer 2, partial sequence",Gonium quadratum,191,191,61%,2E-44,93.7,612,AF504059.1
"Gonium pectorale strain Chile L internal transcribed spacer 1, 5.8S ribosomal RNA gene; and internal transcribed spacer 2, complete sequence",Gonium pectorale,191,191,61%,2E-44,93.7,600,AF054439.1
"Gonium pectorale strain Chile P internal transcribed spacer 1 and 5.8S ribosomal RNA gene, complete sequence; and internal transcribed spacer 2, partial sequence",Gonium pectorale,191,191,61%,2E-44,93.7,600,AF054437.1
"Gonium pectorale strain Africa 7 internal transcribed spacer 1, 5.8S ribosomal RNA gene; and internal transcribed spacer 2, complete sequence",Gonium pectorale,191,191,61%,2E-44,93.7,598,AF054432.1
"Gonium pectorale strain Africa 2 internal transcribed spacer 1, 5.8S ribosomal RNA gene; and internal transcribed spacer 2, complete sequence",Gonium pectorale,191,191,61%,2E-44,93.7,598,AF054431.1
"Gonium octonarium strain Tex internal transcribed spacer 1, 5.8S ribosomal RNA gene; and internal transcribed spacer 2, complete sequence",Gonium octonarium,191,191,61%,2E-44,93.7,591,AF054424.1
"Gonium octonarium internal transcribed spacer 1, 5.8S ribosomal RNA gene; and internal transcribed spacer 2, complete sequence",Gonium octonarium,191,191,61%,2E-44,93.7,591,U66968.1
"Uncultured Rhizophydiales isolate soil 2694 5.8S ribosomal RNA gene, partial sequence; internal transcribed spacer 2, complete sequence; and large subunit ribosomal RNA gene, partial sequence",uncultured Rhizophydiales,189,189,61%,8E-44,93.65,358,MF483902.1
"uncultured soil eukaryote genomic DNA sequence contains 5.8S rRNA gene, ITS2, 28S rRNA gene, clone c412cf88",uncultured soil eukaryote,189,189,61%,8E-44,93.65,316,FR987114.1
"uncultured soil eukaryote genomic DNA sequence contains 5.8S rRNA gene, ITS2, 28S rRNA gene, clone 435b7727",uncultured soil eukaryote,189,189,61%,8E-44,93.65,316,FR985146.1
